canonical_name,country_hint,source_names,arwu_2025_rank,qs_2027_rank,usnews_2026_2027_rank,in_arwu_2025,in_qs_2027,in_usnews_2026_2027
Aarhus University,Denmark,Aarhus University,85,128,117,True,True,True
Aix Marseille University,France,Aix Marseille University,151-200,,,True,False,False
Arizona State University,United States,Arizona State University,151-200,172,,True,True,False
Beihang University,China,Beihang University,101-150,,183,True,False,True
Beijing Institute of Technology,China,Beijing Institute of Technology,101-150,,152,True,False,True
Beijing Normal University,China,Beijing Normal University,101-150,,135,True,False,True
Boston University,United States,Boston University,101-150,94,96,True,True,True
Brown University,United States,Brown University,101-150,66,144,True,True,True
California Institute of Technology,United States,California Institute of Technology; California Institute of Technology (Caltech),9,7,23,True,True,True
Carnegie Mellon University,United States,Carnegie Mellon University,101-150,55,112,True,True,True
Case Western Reserve University,United States,Case Western Reserve University,151-200,,189,True,False,True
Central South University,China,Central South University,96,,131,True,False,True
China Agricultural University,China,China Agricultural University,151-200,,192,True,False,True
Chongqing University,China,Chongqing University,151-200,,,True,False,False
City University of Hong Kong,"Hong Kong, China",City University Hong Kong; City University of Hong Kong; City University of Hong Kong (CityUHK),99,52,47,True,True,True
Columbia University,United States,Columbia University,8,43,10,True,True,True
Cornell University,United States,Cornell University,12,16,13,True,True,True
Dalian University of Technology,China,Dalian University of Technology,151-200,,,True,False,False
Delft University of Technology,Netherlands,Delft University of Technology,151-200,48,170,True,True,True
Duke University,United States,Duke University,46,70,30,True,True,True
ETH Zurich,Switzerland,ETH Zurich,22,8,,True,True,False
Emory University,United States,Emory University,101-150,183,64,True,True,True
Erasmus University Rotterdam,Netherlands,Erasmus University Rotterdam,101-150,148,89,True,True,True
Fudan University,China,Fudan University,41,26,49,True,True,True
Georgia Institute of Technology,United States,Georgia Institute of Technology,151-200,142,94,True,True,True
Ghent University,Belgium,Ghent University,91,150,104,True,True,True
Goethe University Frankfurt,Germany,Goethe University Frankfurt,151-200,,,True,False,False
Harbin Institute of Technology,China,Harbin Institute of Technology,101-150,190,111,True,True,True
Harvard University,United States,Harvard University,1,5,1,True,True,True
Heidelberg University,Germany,Heidelberg University,51,,68,True,False,True
Huazhong University of Science and Technology,China,Huazhong University of Science and Technology,73,,92,True,False,True
Hunan University,China,Hunan University,151-200,,115,True,False,True
Icahn School of Medicine at Mount Sinai,United States,Icahn School of Medicine at Mount Sinai,101-150,,46,True,False,True
Imperial College London,United Kingdom,Imperial College London,26,2,14,True,True,True
"Indiana University, Bloomington",United States,"Indiana University Bloomington; Indiana University, Bloomington",101-150,,155,True,False,True
Institute of Science Tokyo,Japan,Institute of Science Tokyo,101-150,97,,True,True,False
Jilin University,China,Jilin University,101-150,,,True,False,False
Johns Hopkins University,United States,Johns Hopkins University,19,20,17,True,True,True
KU Leuven,Belgium,KU Leuven,76,59,48,True,True,True
Karolinska Institute,Sweden,Karolinska Institute,50,,57,True,False,True
King Saud University,Saudi Arabia,King Saud University,101-150,107,139,True,True,True
King's College London,United Kingdom,King's College London,61,37,42,True,True,True
Kyoto University,Japan,Kyoto University,46,64,162,True,True,True
Leiden University,Netherlands,Leiden University,101-150,119,61,True,True,True
Lund University,Sweden,Lund University,101-150,71,124,True,True,True
Massachusetts Institute of Technology,United States,Massachusetts Institute of Technology; Massachusetts Institute of Technology (MIT),3,1,2,True,True,True
"Mayo Clinic College of Medicine and Science, Minnesota",United States,"Mayo Clinic College of Medicine and Science, Minnesota",101-150,,,True,False,False
McGill University,Canada,McGill University,76,30,68,True,True,True
McMaster University,Canada,McMaster University,101-150,174,150,True,True,True
Michigan State University,United States,Michigan State University,151-200,182,127,True,True,True
Monash University,Australia,Monash University,76,31,38,True,True,True
Moscow State University,Russia,Moscow State University,101-150,,,True,False,False
NTNU - Norwegian University of Science and Technology,Norway,NTNU - Norwegian University of Science and Technology,151-200,,,True,False,False
Nagoya University,Japan,Nagoya University,101-150,156,,True,True,False
Nanjing University,China,Nanjing University,75,90,77,True,True,True
Nankai University,China,Nankai University,151-200,,146,True,False,True
Nanyang Technological University,Singapore,Nanyang Technological University,88,,27,True,False,True
National University of Singapore,Singapore,National University of Singapore; National University of Singapore (NUS),56,10,16,True,True,True
New York University,United States,New York University; New York University (NYU),28,58,36,True,True,True
Northwestern Polytechnical University,China,Northwestern Polytechnical University,101-150,,182,True,False,True
Northwestern University,United States,Northwestern University,31,45,26,True,True,True
"Ohio State University, Columbus",United States,"Ohio State University, Columbus; Ohio State University--Columbus",83,,64,True,False,True
PSL University,France,PSL University,34,,,True,False,False
Paris-Saclay University,France,Paris-Saclay University,13,,,True,False,False
Peking Union Medical College,China,Peking Union Medical College,151-200,,,True,False,False
Peking University,China,Peking University,23,13,19,True,True,True
"Pennsylvania State University, University Park",United States,"Pennsylvania State University, University Park; Pennsylvania State University--University Park",101-150,,92,True,False,True
Princeton University,United States,Princeton University,7,27,14,True,True,True
"Purdue University, West Lafayette",United States,"Purdue University, West Lafayette; Purdue University--West Lafayette",101-150,,152,True,False,True
Radboud University Nijmegen,Netherlands,Radboud University Nijmegen,101-150,,142,True,False,True
Rice University,United States,Rice University,101-150,122,,True,True,False
Rockefeller University,United States,Rockefeller University,29,,125,True,False,True
"Rutgers, The State University of New Jersey - New Brunswick",United States,"Rutgers, The State University of New Jersey - New Brunswick; Rutgers, The State University of New Jersey--New Brunswick",151-200,,155,True,False,True
Sapienza University of Rome,Italy,Sapienza University of Rome,101-150,111,155,True,True,True
Seoul National University,South Korea,Seoul National University,81,38,121,True,True,True
Shandong University,China,Shandong University,101-150,,,True,False,False
Shanghai Jiao Tong University,China,Shanghai Jiao Tong University,30,36,37,True,True,True
Sichuan University,China,Sichuan University,87,,139,True,False,True
Soochow University (China),China,Soochow University (China),101-150,,,True,False,False
Sorbonne University,France,Sorbonne University,43,73,,True,True,False
South China University of Technology,China,South China University of Technology,101-150,,162,True,False,True
Southeast University,China,Southeast University,101-150,,133,True,False,True
Southern University of Science and Technology,China,Southern University of Science and Technology,101-150,,119,True,False,True
Stanford University,United States,Stanford University,2,2,3,True,True,True
Stockholm University,Sweden,Stockholm University,100,167,193,True,True,True
Sun Yat-sen University,China,Sun Yat-sen University,65,,74,True,False,True
Sungkyunkwan University,South Korea,Sungkyunkwan University; Sungkyunkwan University (SKKU),151-200,108,,True,True,False
Swiss Federal Institute of Technology Lausanne,Switzerland,Swiss Federal Institute of Technology Lausanne,44,,,True,False,False
Technical University of Denmark,Denmark,Technical University of Denmark,151-200,105,189,True,True,True
Technical University of Munich,Germany,Technical University of Munich,45,25,73,True,True,True
Technion-Israel Institute of Technology,Israel,Technion-Israel Institute of Technology,97,,,True,False,False
The Australian National University,Australia,Australian National University; Australian National University (ANU); The Australian National University,101-150,29,81,True,True,True
The Chinese University of Hong Kong,"Hong Kong, China",Chinese University Hong Kong; The Chinese University of Hong Kong; The Chinese University of Hong Kong (CUHK),101-150,18,28,True,True,True
The Hebrew University of Jerusalem,Israel,The Hebrew University of Jerusalem,88,,,True,False,False
The Hong Kong Polytechnic University,"Hong Kong, China",Hong Kong Polytechnic University; The Hong Kong Polytechnic University,151-200,50,52,True,True,True
The London School of Economics and Political Science,United Kingdom,The London School of Economics and Political Science; The London School of Economics and Political Science (LSE),151-200,62,,True,True,False
The University of Adelaide,Australia,Adelaide University; The University of Adelaide,151-200,79,85,True,True,True
The University of Calgary,Canada,The University of Calgary,151-200,,,True,False,False
The University of Edinburgh,United Kingdom,The University of Edinburgh; University of Edinburgh,37,35,41,True,True,True
The University of Hong Kong,"Hong Kong, China",The University of Hong Kong; University of Hong Kong,67,11,40,True,True,True
The University of Manchester,United Kingdom,The University of Manchester; University of Manchester,46,40,68,True,True,True
The University of Melbourne,Australia,The University of Melbourne; University of Melbourne,38,22,28,True,True,True
The University of New South Wales,Australia,The University of New South Wales; The University of New South Wales (UNSW Sydney); University of New South Wales,80,19,33,True,True,True
The University of Queensland,Australia,The University of Queensland,65,40,,True,True,False
The University of Sheffield,United Kingdom,The University of Sheffield; University of Sheffield,151-200,82,186,True,True,True
The University of Texas MD Anderson Cancer Center,United States,The University of Texas MD Anderson Cancer Center,86,,,True,False,False
The University of Texas at Austin,United States,The University of Texas at Austin; University of Texas at Austin; University of Texas--Austin,49,72,56,True,True,True
The University of Tokyo,Japan,The University of Tokyo; University of Tokyo,31,39,72,True,True,True
The University of Warwick,United Kingdom,The University of Warwick; University of Warwick,101-150,68,200,True,True,True
The University of Western Australia,Australia,The University of Western Australia; University of Western Australia,101-150,77,90,True,True,True
Tianjin University,China,Tianjin University,101-150,,166,True,False,True
Tongji University,China,Tongji University,101-150,146,110,True,True,True
Tsinghua University,China,Tsinghua University,18,14,6,True,True,True
University College London,United Kingdom,University College London,14,,9,True,False,True
University of Alberta,Canada,University of Alberta,101-150,96,164,True,True,True
University of Amsterdam,Netherlands,University of Amsterdam,101-150,60,39,True,True,True
University of Arizona,United States,University of Arizona,151-200,,102,True,False,True
University of Barcelona,Spain,University of Barcelona,151-200,,88,True,False,True
University of Basel,Switzerland,University of Basel,94,150,189,True,True,True
University of Bern,Switzerland,University of Bern,151-200,191,113,True,True,True
University of Birmingham,United Kingdom,University of Birmingham,151-200,68,97,True,True,True
University of Bonn,Germany,University of Bonn,68,,179,True,False,True
University of Bristol,United Kingdom,University of Bristol,98,57,115,True,True,True
University of British Columbia,Canada,University of British Columbia,53,45,42,True,True,True
"University of California, Berkeley",United States,"University of California, Berkeley; University of California, Berkeley (UCB); University of California--Berkeley",5,20,7,True,True,True
"University of California, Davis",United States,"University of California, Davis; University of California--Davis",101-150,137,95,True,True,True
"University of California, Irvine",United States,"University of California, Irvine; University of California--Irvine",79,,99,True,False,True
"University of California, Los Angeles",United States,"University of California, Los Angeles; University of California, Los Angeles (UCLA); University of California--Los Angeles",16,49,11,True,True,True
"University of California, San Diego",United States,"University of California, San Diego; University of California, San Diego (UCSD); University of California--San Diego",20,81,23,True,True,True
"University of California, San Francisco",United States,"University of California, San Francisco; University of California--San Francisco",21,,22,True,False,True
"University of California, Santa Barbara",United States,"University of California, Santa Barbara; University of California, Santa Barbara (UCSB); University of California--Santa Barbara",70,173,100,True,True,True
"University of California, Santa Cruz",United States,"University of California, Santa Cruz; University of California--Santa Cruz",151-200,,141,True,False,True
University of Cambridge,United Kingdom,University of Cambridge,4,6,5,True,True,True
University of Chicago,United States,University of Chicago,10,24,25,True,True,True
University of Cologne,Germany,University of Cologne,151-200,,,True,False,False
University of Colorado Boulder,United States,University of Colorado Boulder; University of Colorado--Boulder,62,,105,True,False,True
University of Copenhagen,Denmark,University of Copenhagen,35,90,45,True,True,True
University of Electronic Science and Technology of China,China,University of Electronic Science and Technology of China,151-200,,152,True,False,True
University of Exeter,United Kingdom,University of Exeter,151-200,136,138,True,True,True
University of Florida,United States,University of Florida,151-200,,105,True,False,True
University of Freiburg,Germany,University of Freiburg,101-150,,,True,False,False
University of Geneva,Switzerland,University of Geneva,58,168,129,True,True,True
University of Glasgow,United Kingdom,University of Glasgow,101-150,80,77,True,True,True
University of Goettingen,Germany,University of Goettingen,151-200,,,True,False,False
University of Gothenburg,Sweden,University of Gothenburg,151-200,,177,True,False,True
University of Groningen,Netherlands,University of Groningen,73,157,77,True,True,True
University of Helsinki,Finland,University of Helsinki,94,123,109,True,True,True
"University of Illinois Urbana, Champaign",United States,"University of Illinois Urbana, Champaign; University of Illinois Urbana-Champaign; University of Illinois--Urbana-Champaign",53,74,98,True,True,True
University of Lausanne,Switzerland,University of Lausanne,101-150,,179,True,False,True
University of Leeds,United Kingdom,University of Leeds,151-200,77,146,True,True,True
University of Liverpool,United Kingdom,University of Liverpool,101-150,139,169,True,True,True
University of Mainz,Germany,University of Mainz,151-200,,,True,False,False
"University of Maryland, College Park",United States,"University of Maryland, College Park; University of Maryland--College Park",55,,82,True,False,True
University of Massachusetts Chan Medical School,United States,University of Massachusetts Chan Medical School,151-200,,,True,False,False
"University of Michigan, Ann Arbor",United States,"University of Michigan, Ann Arbor; University of Michigan--Ann Arbor; University of Michigan-Ann Arbor",33,51,21,True,True,True
University of Milan,Italy,University of Milan,151-200,,160,True,False,True
"University of Minnesota, Twin Cities",United States,"University of Minnesota, Twin Cities; University of Minnesota--Twin Cities",51,,76,True,False,True
University of Montpellier,France,University of Montpellier,151-200,,,True,False,False
University of Montreal,Canada,University of Montreal,151-200,,193,True,False,True
University of Muenster,Germany,University of Muenster,151-200,,,True,False,False
University of Munich,Germany,University of Munich,42,,50,True,False,True
University of North Carolina at Chapel Hill,United States,University of North Carolina at Chapel Hill; University of North Carolina--Chapel Hill,39,158,55,True,True,True
University of Nottingham,United Kingdom,University of Nottingham,101-150,97,155,True,True,True
University of Oslo,Norway,University of Oslo,83,131,105,True,True,True
University of Oxford,United Kingdom,University of Oxford,6,4,4,True,True,True
University of Padua,Italy,University of Padua,151-200,,175,True,False,True
University of Pennsylvania,United States,University of Pennsylvania,14,15,17,True,True,True
University of Pittsburgh,United States,University of Pittsburgh,88,,57,True,False,True
University of Sao Paulo,Brazil,University of Sao Paulo,101-150,,,True,False,False
University of Science and Technology of China,China,University of Science and Technology of China,40,134,,True,True,False
University of Southampton,United Kingdom,University of Southampton,151-200,111,125,True,True,True
University of Southern California,United States,University of Southern California,68,153,74,True,True,True
University of Strasbourg,France,University of Strasbourg,101-150,,,True,False,False
University of Sydney,Australia,The University of Sydney; University of Sydney,72,28,31,True,True,True
University of Texas Southwestern Medical Center,United States,University of Texas Southwestern Medical Center,58,,,True,False,False
University of Toronto,Canada,University of Toronto,25,32,20,True,True,True
University of Tuebingen,Germany,University of Tuebingen,151-200,,,True,False,False
University of Utah,United States,University of Utah,151-200,,170,True,False,True
University of Vienna,Austria,University of Vienna,101-150,140,193,True,True,True
University of Washington,United States,University of Washington,17,92,12,True,True,True
University of Waterloo,Canada,University of Waterloo,151-200,113,199,True,True,True
"University of Wisconsin, Madison",United States,"University of Wisconsin, Madison; University of Wisconsin--Madison; University of Wisconsin-Madison",36,131,60,True,True,True
University of Zurich,Switzerland,University of Zurich,64,98,64,True,True,True
Universit茅 Grenoble Alpes,France,Universit茅 Grenoble Alpes,151-200,,,True,False,False
Universit茅 Paris Cit茅,France,Universit茅 Paris Cit茅,60,,,True,False,False
Universit茅 libre de Bruxelles (ULB),Belgium,Universit茅 libre de Bruxelles (ULB),101-150,,,True,False,False
Uppsala University,Sweden,Uppsala University,93,87,146,True,True,True
Utrecht University,Netherlands,Utrecht University,56,113,54,True,True,True
Vanderbilt University,United States,Vanderbilt University,62,,68,True,False,True
Vrije Universiteit Amsterdam,Netherlands,Vrije Universiteit Amsterdam,151-200,185,91,True,True,True
Wageningen University & Research,Netherlands,Wageningen University & Research,151-200,154,,True,True,False
Washington University in St Louis,United States,Washington University in St Louis; Washington University in St. Louis,26,162,32,True,True,True
Weizmann Institute of Science,Israel,Weizmann Institute of Science,71,,183,True,False,True
Wuhan University,China,Wuhan University,81,165,85,True,True,True
Xi'an Jiaotong University,China,Xi'an Jiaotong University,92,,129,True,False,True
Xiamen University,China,Xiamen University,101-150,,176,True,False,True
Yale University,United States,Yale University,11,16,8,True,True,True
Yonsei University,South Korea,Yonsei University,151-200,42,135,True,True,True
Zhejiang University,China,Zhejiang University,24,47,35,True,True,True
Zhengzhou University,China,Zhengzhou University,151-200,,,True,False,False
Aalto University,Finland,Aalto University,,126,,False,True,False
Al-Farabi Kazakh National University,Kazakhstan,Al-Farabi Kazakh National University,,177,,False,True,False
Alma Mater Studiorum - Università di Bologna,Italy,Alma Mater Studiorum - Università di Bologna,,123,,False,True,False
Arizona State University--Tempe,United States,Arizona State University--Tempe,,,179,False,False,True
Autonomous University of Barcelona,Spain,Autonomous University of Barcelona,,,131,False,False,True
Baylor College of Medicine,United States,Baylor College of Medicine,,,144,False,False,True
Cardiff University,United Kingdom,Cardiff University,,179,,False,True,False
Chalmers University of Technology,Sweden,Chalmers University of Technology,,174,,False,True,False
Complutense University of Madrid,Spain,Complutense University of Madrid,,199,,False,True,False
Curtin University,Australia,Curtin University,,189,155,False,True,True
Deakin University,Australia,Deakin University,,,142,False,False,True
Durham University,United Kingdom,Durham University,,85,,False,True,False
EPFL – École polytechnique fédérale de Lausanne,Switzerland,EPFL – École polytechnique fédérale de Lausanne,,22,,False,True,False
"Eberhard Karls University, Tübingen",Germany,"Eberhard Karls University, Tübingen",,,193,False,False,True
Eindhoven University of Technology,Netherlands,Eindhoven University of Technology,,152,,False,True,False
Freie Universitaet Berlin,Germany,Freie Universitaet Berlin,,98,,False,True,False
Freie Universität Berlin,Germany,Freie Universität Berlin,,,63,False,False,True
Hanyang University,Republic of Korea,Hanyang University,,155,,False,True,False
Hokkaido University,Japan,Hokkaido University,,179,,False,True,False
Humboldt-Universität zu Berlin,Germany,Humboldt-Universität zu Berlin,,140,51,False,True,True
Indian Institute of Technology Bombay (IITB),India,Indian Institute of Technology Bombay (IITB),,134,,False,True,False
Indian Institute of Technology Delhi (IITD),India,Indian Institute of Technology Delhi (IITD),,118,,False,True,False
Indian Institute of Technology Madras (IITM),India,Indian Institute of Technology Madras (IITM),,170,,False,True,False
Institut Polytechnique de Paris,France,Institut Polytechnique de Paris,,43,,False,True,False
KAIST,Republic of Korea,KAIST,,65,,False,True,False
KFUPM,Saudi Arabia,KFUPM,,63,,False,True,False
"KIT, Karlsruhe Institute of Technology",Germany,"KIT, Karlsruhe Institute of Technology",,110,,False,True,False
KTH Royal Institute of Technology,Sweden,KTH Royal Institute of Technology,,82,,False,True,False
Khalifa University,United Arab Emirates,Khalifa University,,147,,False,True,False
King Abdulaziz University (KAU),Saudi Arabia,King Abdulaziz University; King Abdulaziz University (KAU),,200,122,False,True,True
King Abdullah University of Science and Technology,Saudi Arabia,King Abdullah University of Science and Technology,,,103,False,False,True
Korea University,Republic of Korea,Korea University,,52,,False,True,False
Kyushu University,Japan,Kyushu University,,171,,False,True,False
Lancaster University,United Kingdom,Lancaster University,,164,,False,True,False
Lomonosov Moscow State University,Russian Federation,Lomonosov Moscow State University,,115,,False,True,False
London School of Hygiene and Tropical Medicine,United Kingdom,London School of Hygiene and Tropical Medicine,,,127,False,False,True
Ludwig-Maximilians-Universität München,Germany,Ludwig-Maximilians-Universität München,,61,,False,True,False
Maastricht University,Netherlands,Maastricht University,,,183,False,False,True
"Macquarie University (Sydney, Australia)",Australia,"Macquarie University; Macquarie University (Sydney, Australia)",,126,173,False,True,True
"Nanyang Technological University, Singapore (NTU Singapore)",Singapore,"Nanyang Technological University, Singapore (NTU Singapore)",,12,,False,True,False
National Cheng Kung University (NCKU),Taiwan,National Cheng Kung University (NCKU),,191,,False,True,False
National Taiwan University (NTU),Taiwan,National Taiwan University (NTU),,54,,False,True,False
National Tsing Hua University - NTHU,Taiwan,National Tsing Hua University - NTHU,,142,,False,True,False
National Yang Ming Chiao Tung University (NYCU Taiwan),Taiwan,National Yang Ming Chiao Tung University (NYCU Taiwan),,177,,False,True,False
Newcastle University,United Kingdom,Newcastle University,,149,,False,True,False
PSL Research University Paris (ComUE),France,PSL Research University Paris (ComUE),,,108,False,False,True
Pennsylvania State University,United States of America,Pennsylvania State University,,92,,False,True,False
Pohang University of Science And Technology (POSTECH),Republic of Korea,Pohang University of Science And Technology (POSTECH),,106,,False,True,False
Politecnico di Milano,Italy,Politecnico di Milano,,87,,False,True,False
Pontificia Universidad Católica de Chile (UC),Chile,Pontificia Universidad Católica de Chile (UC),,119,,False,True,False
Purdue University,United States of America,Purdue University,,100,,False,True,False
Qatar University,Qatar,Qatar University,,109,,False,True,False
Queen Mary University of London,United Kingdom,"Queen Mary University of London; Queen Mary, University of London",,103,101,False,True,True
Queen's University Belfast,United Kingdom,Queen's University Belfast,,174,,False,True,False
Queen's University at Kingston,Canada,Queen's University at Kingston,,179,,False,True,False
Queensland University of Technology,Australia,Queensland University of Technology,,,172,False,False,True
RMIT University,Australia,RMIT University,,119,173,False,True,True
RWTH Aachen University,Germany,RWTH Aachen University,,104,,False,True,False
Shenzhen University,China,Shenzhen University,,,166,False,False,True
Sorbonne Universite,France,Sorbonne Universite,,,67,False,False,True
Swinburne University of Technology,Australia,Swinburne University of Technology,,,164,False,False,True
Swiss Federal Institute of Technology Zurich,Switzerland,Swiss Federal Institute of Technology Zurich,,,33,False,False,True
Technische Universität Berlin (TU Berlin),Germany,Technische Universität Berlin (TU Berlin),,158,,False,True,False
Technische Universität Dresden,Germany,Technische Universität Dresden,,185,,False,True,False
Technische Universität Wien,Austria,Technische Universität Wien,,191,,False,True,False
Tecnológico de Monterrey,Mexico,Tecnológico de Monterrey,,188,,False,True,False
Tel Aviv University,Israel,Tel Aviv University,,,193,False,False,True
Texas A&M University,United States of America,Texas A&M University,,169,,False,True,False
Texas A&M University--College Station,United States,Texas A&M University--College Station,,,177,False,False,True
The Hong Kong University of Science and Technology,"Hong Kong SAR, China",Hong Kong University of Science and Technology; The Hong Kong University of Science and Technology,,33,82,False,True,True
The University of Auckland,New Zealand,The University of Auckland; University of Auckland,,67,117,False,True,True
The University of Osaka,Japan,The University of Osaka,,95,,False,True,False
Tohoku University,Japan,Tohoku University,,102,,False,True,False
"Trinity College Dublin, The University of Dublin",Ireland,"Trinity College Dublin, The University of Dublin",,75,,False,True,False
UCL,United Kingdom,UCL,,8,,False,True,False
Universidad Nacional Autónoma de México (UNAM),Mexico,Universidad Nacional Autónoma de México (UNAM),,145,,False,True,False
Universidad de Buenos Aires (UBA),Argentina,Universidad de Buenos Aires (UBA),,84,,False,True,False
Universidad de Chile,Chile,Universidad de Chile,,185,,False,True,False
Universidade de São Paulo,Brazil,Universidade de São Paulo,,133,134,False,True,True
Universitas Indonesia,Indonesia,Universitas Indonesia,,191,,False,True,False
Universitat de Barcelona,Spain,Universitat de Barcelona,,165,,False,True,False
Universite Paris Saclay,France,Universite Paris Saclay,,,82,False,False,True
Universiti Kebangsaan Malaysia (UKM),Malaysia,Universiti Kebangsaan Malaysia (UKM),,130,,False,True,False
Universiti Malaya (UM),Malaysia,Universiti Malaya (UM),,56,,False,True,False
Universiti Putra Malaysia (UPM),Malaysia,Universiti Putra Malaysia (UPM),,138,,False,True,False
Universiti Sains Malaysia (USM),Malaysia,Universiti Sains Malaysia (USM),,128,,False,True,False
Universiti Teknologi Malaysia,Malaysia,Universiti Teknologi Malaysia,,158,,False,True,False
University College Dublin,Ireland,University College Dublin,,100,,False,True,False
University of Alabama--Birmingham,United States,University of Alabama--Birmingham,,,188,False,False,True
University of Bath,United Kingdom,University of Bath,,125,,False,True,False
University of Bologna,Italy,University of Bologna,,,150,False,False,True
University of Cape Town,South Africa,University of Cape Town,,184,122,False,True,True
University of Chinese Academy of Sciences,China,University of Chinese Academy of Sciences,,,53,False,False,True
University of Colorado Anschutz Medical Campus,United States,University of Colorado Anschutz Medical Campus,,,193,False,False,True
University of Göttingen,Germany,University of Göttingen,,,187,False,False,True
University of Hamburg,Germany,University of Hamburg,,,146,False,False,True
University of Leicester,United Kingdom,University of Leicester,,,166,False,False,True
University of Massachusetts--Amherst,United States,University of Massachusetts--Amherst,,,160,False,False,True
University of Otago,New Zealand,University of Otago,,198,,False,True,False
University of Queensland Australia,Australia,University of Queensland Australia,,,42,False,False,True
University of Reading,United Kingdom,University of Reading,,196,,False,True,False
"University of Science & Technology of China, CAS",China,"University of Science & Technology of China, CAS",,,59,False,False,True
University of St Andrews,United Kingdom,University of St Andrews,,115,,False,True,False
University of Technology Sydney,Australia,University of Technology Sydney,,87,85,False,True,True
University of Texas Southwestern Medical Center--Dallas,United States,University of Texas Southwestern Medical Center--Dallas,,,113,False,False,True
University of Virginia,United States,University of Virginia,,,135,False,False,True
University of Wollongong,Australia,University of Wollongong,,195,,False,True,False
University of York,United Kingdom,University of York,,158,,False,True,False
Universität Heidelberg,Germany,Universität Heidelberg,,86,,False,True,False
Université PSL,France,Université PSL,,34,,False,True,False
Université Paris-Saclay,France,Université Paris-Saclay,,76,,False,True,False
Université catholique de Louvain (UCLouvain),Belgium,Université catholique de Louvain (UCLouvain),,196,,False,True,False
Université de Montréal,Canada,Université de Montréal,,162,,False,True,False
Université de Paris,France,Université de Paris,,,61,False,False,True
Wageningen University and Research Center,Netherlands,Wageningen University and Research Center,,,119,False,False,True
Western University,Canada,Western University,,142,,False,True,False
École Polytechnique Federale of Lausanne,Switzerland,École Polytechnique Federale of Lausanne,,,80,False,False,True
