rank,display_name,canonical_name,matched_name,country_code,score,works_2020_2024,top10_count,top1_count,top10_share,top1_share,h_index,field_entropy,active_fields,international_collab_proxy_share,oa_share,has_medical_school_or_center,openalex_id,ror_id,arwu_2025_rank,qs_2027_rank,usnews_2026_2027_rank
1,Harvard University,Harvard University,Harvard University,US,94.65,173624,4716403,2751,27.164465,6.929764,2751,1.612220,6,0.643389,0.733274,True,https://openalex.org/I136199984,https://ror.org/03vek6s52,1,5,1
2,Stanford University,Stanford University,Stanford University,US,93.23,130054,2713798,2462,20.866702,6.129395,2462,1.960108,8,0.667437,0.733711,True,https://openalex.org/I97018004,https://ror.org/00f54p054,2,2,3
3,University of Washington,University of Washington,University of Washington,US,88.96,151601,2229428,3562,14.705892,46.384225,3562,2.019073,9,0.771826,0.809856,True,https://openalex.org/I201448701,https://ror.org/00cvxb145,17,92,12
4,University College London,University College London,University College London,GB,87.98,162171,3227918,2048,19.904410,5.007684,2048,1.440889,6,0.515733,0.827503,True,https://openalex.org/I45129253,https://ror.org/02jx3x895,14,8,9
5,Johns Hopkins University,Johns Hopkins University,Johns Hopkins University,US,85.79,131516,2436106,2240,18.523267,4.014970,2240,1.636532,8,0.502127,0.744685,True,https://openalex.org/I145311948,https://ror.org/00za53h95,19,20,17
6,University of Oxford,University of Oxford,University of Oxford,GB,84.90,231371,2790702,2050,12.061589,4.504786,2050,1.957046,8,0.585642,0.887345,True,https://openalex.org/I40120149,https://ror.org/052gg0110,6,4,4
7,Tsinghua University,Tsinghua University,Tsinghua University,CN,83.84,123688,2941311,1173,23.780084,6.515777,1173,1.635434,7,0.626965,0.470442,False,https://openalex.org/I99065089,https://ror.org/03cve4549,18,14,6
8,University of Toronto,University of Toronto,University of Toronto,CA,83.81,144546,2639350,1759,18.259585,4.228625,1759,1.491106,8,0.486028,0.682150,True,https://openalex.org/I185261750,https://ror.org/03dbr7087,25,32,20
9,Imperial College London,Imperial College London,Imperial College London,GB,82.91,113313,2218429,1545,19.577886,6.317994,1545,1.621657,6,0.614539,0.817982,True,https://openalex.org/I47508984,https://ror.org/041kmwe10,26,2,14
10,University of Pennsylvania,University of Pennsylvania,University of Pennsylvania,US,82.79,84752,1894411,1738,22.352405,5.817229,1738,1.611551,6,0.587639,0.685860,True,https://openalex.org/I79576946,https://ror.org/00b30xv10,14,15,17
11,University of Cambridge,University of Cambridge,University of Cambridge,GB,82.22,110065,2283977,1796,20.751165,5.967730,1796,1.116203,5,0.503943,0.811057,True,https://openalex.org/I241749,https://ror.org/013meh722,4,6,5
12,Massachusetts Institute of Technology,Massachusetts Institute of Technology,Massachusetts Institute of Technology,US,80.85,64807,1518305,2252,23.428102,6.816228,2252,1.103257,6,0.543983,0.783542,False,https://openalex.org/I63966007,https://ror.org/042nb2s44,3,1,2
13,National University of Singapore,National University of Singapore,National University of Singapore,SG,80.79,81410,1922341,1079,23.613082,6.295140,1079,2.021754,10,0.687076,0.604827,False,https://openalex.org/I165932596,https://ror.org/01tgyzw49,56,10,16
14,Cornell University,Cornell University,Cornell University,US,80.33,106958,1918728,1839,17.939079,4.822919,1839,1.637835,6,0.542764,0.715346,True,https://openalex.org/I205783295,https://ror.org/05bnh6r87,12,16,13
15,University of Chinese Academy of Sciences,University of Chinese Academy of Sciences,University of Chinese Academy of Sciences,CN,80.02,187915,3958412,901,21.064907,5.793372,901,1.912784,8,0.641920,0.525860,False,https://openalex.org/I4210165038,https://ror.org/05qbk4x57,,,53
16,Peking University,Peking University,Peking University,CN,79.66,155307,2519704,1107,16.224021,4.929419,1107,2.083448,9,0.630152,0.679055,False,https://openalex.org/I20231570,https://ror.org/02v51f717,23,13,19
17,Columbia University,Columbia University,Columbia University,US,79.48,83947,1587060,1715,18.905500,4.599645,1715,1.928349,8,0.585100,0.739121,True,https://openalex.org/I78577930,https://ror.org/00hj8s172,8,43,10
18,University of California San Diego,"University of California, San Diego",University of California San Diego,US,78.58,90519,1796252,1727,19.843922,3.845889,1727,1.701373,6,0.505613,0.743104,True,https://openalex.org/I36258959,https://ror.org/0168r3w48,20,81,23
19,Université Paris Cité,Universit茅 Paris Cit茅,Université Paris Cité,FR,77.91,86985,1628051,1641,18.716457,4.876339,1641,1.708648,8,0.558476,0.709950,False,https://openalex.org/I204730241,https://ror.org/05f82e368,60,,61
20,University of Hong Kong,The University of Hong Kong,University of Hong Kong,HK,76.97,73661,1569411,1158,21.305861,4.867573,1158,2.237360,12,0.655403,0.647548,True,https://openalex.org/I889458895,https://ror.org/02zhqgq86,67,11,40
21,"University of California, Los Angeles","University of California, Los Angeles","University of California, Los Angeles",US,75.86,100185,1640341,1630,16.373120,4.079847,1630,1.714741,8,0.519773,0.763268,True,https://openalex.org/I161318765,https://ror.org/046rm7j60,16,49,11
22,Northwestern University,Northwestern University,Northwestern University,US,75.25,57159,1396030,1429,24.423625,5.365124,1429,1.587769,7,0.560654,0.646162,True,https://openalex.org/I111979921,https://ror.org/000e0be47,31,45,26
23,University of Michigan,"University of Michigan, Ann Arbor",University of Michigan,US,75.20,554518,2069381,2069,3.731855,3.474785,2069,1.629380,9,0.473800,0.935531,True,https://openalex.org/I27837315,https://ror.org/00jmfr291,33,51,21
24,The University of Melbourne,The University of Melbourne,The University of Melbourne,AU,75.03,105639,1761455,1251,16.674287,3.881162,1251,1.950028,10,0.553169,0.746580,True,https://openalex.org/I165779595,https://ror.org/01ej9dk98,38,22,28
25,Zhejiang University,Zhejiang University,Zhejiang University,CN,74.78,144558,2617913,933,18.109776,5.512745,933,1.581404,7,0.566863,0.570795,False,https://openalex.org/I76130692,https://ror.org/00a2xv884,24,47,35
26,Yale University,Yale University,Yale University,US,74.74,102230,1731337,1768,16.935704,2.428498,1768,1.672796,6,0.429481,0.739626,True,https://openalex.org/I32971472,https://ror.org/03v76x132,11,16,8
27,The University of Sydney,University of Sydney,The University of Sydney,AU,74.61,93004,1678004,1252,18.042278,4.584241,1252,1.780661,10,0.557133,0.678218,True,https://openalex.org/I129604602,https://ror.org/0384j8v12,72,28,31
28,The University of Queensland,University of Queensland Australia,The University of Queensland,AU,73.78,79052,1485727,1443,18.794300,4.390468,1443,1.708069,8,0.534076,0.695441,True,https://openalex.org/I165143802,https://ror.org/00rqy9422,65,40,42
29,"University of California, San Francisco","University of California, San Francisco","University of California, San Francisco",US,73.77,77026,1574006,1691,20.434736,4.753498,1691,1.147679,5,0.449027,0.760691,True,https://openalex.org/I180670191,https://ror.org/043mz5j54,21,,22
30,Monash University,Monash University,Monash University,AU,73.07,92140,1761964,1065,19.122683,4.310149,1065,1.762030,10,0.539997,0.732939,True,https://openalex.org/I56590836,https://ror.org/02bfwt286,76,31,38
31,Shanghai Jiao Tong University,Shanghai Jiao Tong University,Shanghai Jiao Tong University,CN,73.03,150632,2642271,869,17.541233,5.502899,869,1.520812,7,0.555213,0.564926,False,https://openalex.org/I183067930,https://ror.org/0220qvk04,30,36,37
32,"University of California, Berkeley","University of California, Berkeley","University of California, Berkeley",US,72.93,90908,1594896,1858,17.544067,3.714074,1858,1.255084,4,0.416836,0.822524,False,https://openalex.org/I95457486,https://ror.org/01an7q238,5,20,7
33,Washington University in St. Louis,Washington University in St Louis,Washington University in St. Louis,US,72.78,66598,1180321,1817,17.723070,4.149167,1817,1.716371,7,0.523539,0.739136,True,https://openalex.org/I204465549,https://ror.org/01yc7t268,26,162,32
34,UNSW Sydney,The University of New South Wales,UNSW Sydney,AU,72.36,79536,1598867,1032,20.102432,4.951899,1032,1.841671,9,0.586751,0.699595,True,https://openalex.org/I31746571,https://ror.org/03r8z3t63,80,19,33
35,University of British Columbia,University of British Columbia,University of British Columbia,CA,72.27,93018,1585897,1326,17.049356,3.009821,1326,1.879861,9,0.496680,0.697220,True,https://openalex.org/I141945490,https://ror.org/03rmrcq20,53,45,42
36,Huazhong University of Science and Technology,Huazhong University of Science and Technology,Huazhong University of Science and Technology,CN,72.16,103913,2199804,894,21.169671,5.363926,894,1.462152,7,0.537461,0.560767,False,https://openalex.org/I47720641,https://ror.org/00p991c53,73,,92
37,University of Science and Technology of China,"University of Science & Technology of China, CAS",University of Science and Technology of China,CN,71.88,79946,1750656,970,21.897981,6.200626,970,1.655662,6,0.614932,0.460373,False,https://openalex.org/I126520041,https://ror.org/04c4dkn09,40,134,59
38,KU Leuven,KU Leuven,KU Leuven,BE,71.16,80767,1367406,1298,16.930256,3.640211,1298,2.012581,8,0.552641,0.801317,True,https://openalex.org/I99464096,https://ror.org/05f950310,76,59,48
39,Wuhan University,Wuhan University,Wuhan University,CN,70.56,89226,1771632,856,19.855558,4.892949,856,1.945185,8,0.602866,0.616872,False,https://openalex.org/I37461747,https://ror.org/033vjfk17,81,165,85
40,University of Copenhagen,University of Copenhagen,University of Copenhagen,DK,70.50,87071,1404268,1222,16.127850,4.011790,1222,1.882177,9,0.547205,0.840395,True,https://openalex.org/I124055696,https://ror.org/035b05819,35,90,45
41,Heidelberg University,Universität Heidelberg,Heidelberg University,DE,69.96,78911,1423907,1580,18.044468,3.981871,1580,1.391041,4,0.455263,0.788863,True,https://openalex.org/I223822909,https://ror.org/038t36y30,51,86,68
42,University of North Carolina at Chapel Hill,University of North Carolina at Chapel Hill,University of North Carolina at Chapel Hill,US,69.48,109002,1272119,1575,11.670602,2.121578,1575,1.942103,10,0.463730,0.825930,True,https://openalex.org/I114027177,https://ror.org/0130frc33,39,158,55
43,University of Minnesota,"University of Minnesota, Twin Cities",University of Minnesota,US,69.45,60822,1128229,1384,18.549686,3.775796,1384,1.890751,9,0.536984,0.650176,True,https://openalex.org/I130238516,https://ror.org/017zqws13,51,,76
44,Duke University,Duke University,Duke University,US,69.43,72167,1164395,1402,16.134729,3.456582,1402,1.924647,10,0.527266,0.720440,True,https://openalex.org/I170897317,https://ror.org/00py81415,46,70,30
45,Nanyang Technological University,"Nanyang Technological University, Singapore (NTU Singapore)",Nanyang Technological University,SG,69.07,55627,1354780,961,24.354720,6.588083,961,1.505383,7,0.606630,0.526183,False,https://openalex.org/I172675005,https://ror.org/02e7b5302,88,12,27
46,King's College London,King's College London,King's College London,GB,68.65,79415,1505588,1229,18.958484,3.640817,1229,1.444028,7,0.447968,0.787332,True,https://openalex.org/I183935753,https://ror.org/0220mzb33,61,37,42
47,New York University,New York University,New York University,US,68.49,67923,1100510,1370,16.202317,3.679895,1370,1.928009,10,0.539050,0.704518,True,https://openalex.org/I57206974,https://ror.org/0190ak572,28,58,36
48,Chinese University of Hong Kong,The Chinese University of Hong Kong,Chinese University of Hong Kong,HK,68.45,54906,1203757,1090,21.923961,3.110133,1090,1.946827,10,0.514028,0.632262,True,https://openalex.org/I177725633,https://ror.org/00t33hh48,101-150,18,28
49,Karolinska Institutet,Karolinska Institute,Karolinska Institutet,SE,68.44,63853,1243384,1441,19.472601,3.672409,1441,1.450622,6,0.450762,0.866349,True,https://openalex.org/I28166907,https://ror.org/056d84691,50,,57
50,Fudan University,Fudan University,Fudan University,CN,68.37,99046,1684033,853,17.002534,4.974817,853,1.861011,9,0.591458,0.650173,True,https://openalex.org/I24943067,https://ror.org/013q1eq08,41,26,49
51,University of Southern California,University of Southern California,University of Southern California,US,68.35,63829,1016564,1442,15.926366,3.618491,1442,2.013880,10,0.551794,0.684062,True,https://openalex.org/I1174212,https://ror.org/03taz7m60,68,153,74
52,University of Amsterdam,University of Amsterdam,University of Amsterdam,NL,68.09,61458,1239228,1146,20.163819,3.766082,1146,1.723434,8,0.505686,0.897182,True,https://openalex.org/I887064364,https://ror.org/04dkp9463,101-150,60,39
53,Sun Yat-sen University,Sun Yat-sen University,Sun Yat-sen University,CN,67.82,134735,2260433,905,16.776881,4.608435,905,1.324774,5,0.474388,0.656207,True,https://openalex.org/I157773358,https://ror.org/0064kty71,65,,74
54,University of Edinburgh,The University of Edinburgh,University of Edinburgh,GB,67.68,75816,1321808,1328,17.434420,3.860713,1328,1.616265,5,0.490682,0.843648,False,https://openalex.org/I98677209,https://ror.org/01nrxwf90,37,35,41
55,University of Zurich,University of Zurich,University of Zurich,CH,67.39,60649,1015953,1106,16.751356,7.158731,1106,2.007407,7,0.727614,0.853996,False,https://openalex.org/I202697423,https://ror.org/02crff812,64,98,64
56,Sorbonne Université,Sorbonne University,Sorbonne Université,FR,66.91,110728,1561623,1460,14.103235,3.841287,1460,1.175447,5,0.408531,0.741149,False,https://openalex.org/I39804081,https://ror.org/02en5vm52,43,73,67
57,University of Bristol,University of Bristol,University of Bristol,GB,66.86,52614,1023217,1155,19.447619,3.140908,1155,2.120909,9,0.547625,0.835690,False,https://openalex.org/I36234482,https://ror.org/0524sp257,98,57,115
58,Icahn School of Medicine at Mount Sinai,Icahn School of Medicine at Mount Sinai,Icahn School of Medicine at Mount Sinai,US,66.10,57717,1103677,1216,19.122217,4.388057,1216,1.671683,7,0.527254,0.743178,True,https://openalex.org/I98704320,https://ror.org/04a9tmd77,101-150,,46
59,University of Glasgow,University of Glasgow,University of Glasgow,GB,65.97,49763,899868,1403,18.083074,4.481260,1403,1.776542,7,0.551225,0.870667,True,https://openalex.org/I7882870,https://ror.org/00vtgdb53,101-150,80,77
60,University of Wisconsin–Madison,"University of Wisconsin, Madison",University of Wisconsin–Madison,US,65.12,72750,1099501,1414,15.113416,3.662041,1414,1.569378,8,0.472113,0.701759,False,https://openalex.org/I135310074,https://ror.org/01y2jtd41,36,131,60
61,University of Groningen,University of Groningen,University of Groningen,NL,64.69,50982,984411,1259,19.308991,4.263321,1259,1.628105,6,0.512992,0.928936,True,https://openalex.org/I169381384,https://ror.org/012p63287,73,157,77
62,University of Chicago,University of Chicago,University of Chicago,US,64.65,66779,1125434,1617,16.853113,4.166982,1617,1.073405,5,0.406024,0.745249,False,https://openalex.org/I40347166,https://ror.org/024mw5h28,10,24,25
63,University of Birmingham,University of Birmingham,University of Birmingham,GB,64.46,52301,1009806,1169,19.307585,4.620144,1169,1.554267,8,0.517236,0.796753,True,https://openalex.org/I79619799,https://ror.org/03angcq70,151-200,68,97
64,Pennsylvania State University,"Pennsylvania State University, University Park",Pennsylvania State University,US,64.31,68356,1003920,1247,14.686641,3.941936,1247,1.980551,8,0.561828,0.647010,False,https://openalex.org/I130769515,https://ror.org/04p491231,101-150,92,92
65,The University of Tokyo,The University of Tokyo,The University of Tokyo,JP,63.95,97146,1310910,1383,13.494225,3.920760,1383,1.234825,6,0.423439,0.703776,False,https://openalex.org/I74801974,https://ror.org/057zh3y96,31,39,72
66,Nanjing University,Nanjing University,Nanjing University,CN,63.65,60589,1161765,821,19.174520,5.939340,821,1.868226,8,0.641013,0.538349,False,https://openalex.org/I881766915,https://ror.org/01rxvg760,75,90,77
67,Central South University,Central South University,Central South University,CN,63.49,108130,1918753,706,17.744872,5.498907,706,1.359070,6,0.525227,0.593526,False,https://openalex.org/I139660479,https://ror.org/00f1zfq44,96,,131
68,University of Pittsburgh,University of Pittsburgh,University of Pittsburgh,US,63.33,66023,1122984,1326,17.008982,3.569531,1326,1.500198,5,0.454748,0.712858,True,https://openalex.org/I170201317,https://ror.org/01an3r305,88,,57
69,Boston University,Boston University,Boston University,US,63.09,45697,887686,1346,19.425477,3.952950,1346,1.635056,6,0.498754,0.699783,True,https://openalex.org/I111088046,https://ror.org/05qwgg493,101-150,94,96
70,Radboud University Nijmegen,Radboud University Nijmegen,Radboud University Nijmegen,NL,62.99,56315,992597,1247,17.625801,3.833435,1247,1.623720,6,0.490690,0.869608,True,https://openalex.org/I145872427,https://ror.org/016xsfp80,101-150,,142
71,University of Alberta,University of Alberta,University of Alberta,CA,62.80,64652,987438,1066,15.273124,3.563575,1066,2.066796,10,0.558793,0.629772,False,https://openalex.org/I154425047,https://ror.org/0160cpw27,101-150,96,164
72,Sichuan University,Sichuan University,Sichuan University,CN,62.68,113453,1834181,698,16.166880,5.152160,698,1.560895,6,0.545057,0.606859,False,https://openalex.org/I24185976,https://ror.org/011ashp19,87,,139
73,ETH Zurich,Swiss Federal Institute of Technology Zurich,ETH Zurich,CH,62.54,71567,1351855,1157,18.889362,3.479524,1157,1.221199,3,0.398868,0.838655,False,https://openalex.org/I35440088,https://ror.org/05a28rw58,22,8,33
74,The University of Texas MD Anderson Cancer Center,The University of Texas MD Anderson Cancer Center,The University of Texas MD Anderson Cancer Center,US,62.48,45984,1001035,1584,21.769202,4.205138,1584,0.752676,4,0.348867,0.618411,True,https://openalex.org/I1343551460,https://ror.org/04twxam07,86,,
75,Princeton University,Princeton University,Princeton University,US,62.44,43282,869642,1525,20.092463,6.898794,1525,0.793687,3,0.491102,0.773855,False,https://openalex.org/I20089843,https://ror.org/00hx57361,7,27,14
76,Emory University,Emory University,Emory University,US,62.30,64313,1100236,1191,17.107521,3.039620,1191,1.542521,8,0.436046,0.683952,True,https://openalex.org/I150468666,https://ror.org/03czfpz43,101-150,183,64
77,University of Manchester,The University of Manchester,University of Manchester,GB,62.11,73786,1275431,1228,17.285542,3.627187,1228,1.187910,4,0.400121,0.808080,False,https://openalex.org/I28407311,https://ror.org/027m9bs27,46,40,68
78,Ludwig-Maximilians-Universität München,Ludwig-Maximilians-Universität München,Ludwig-Maximilians-Universität München,DE,62.07,76387,1134763,1129,14.855447,3.553891,1129,1.657036,7,0.482849,0.776794,True,https://openalex.org/I8204097,https://ror.org/05591te55,42,61,50
79,Hong Kong Polytechnic University,The Hong Kong Polytechnic University,Hong Kong Polytechnic University,HK,61.70,48793,1150425,651,23.577665,6.690281,651,1.609614,8,0.630935,0.538048,False,https://openalex.org/I14243506,https://ror.org/0030zas98,151-200,50,52
80,McGill University,McGill University,McGill University,CA,61.22,72016,1124234,1217,15.610892,3.768500,1217,1.452880,5,0.455983,0.710703,True,https://openalex.org/I5023651,https://ror.org/01pxwe438,76,30,68
81,University of Helsinki,University of Helsinki,University of Helsinki,FI,61.19,60753,949116,1159,15.622537,2.944163,1159,1.896616,7,0.496483,0.870541,False,https://openalex.org/I133731052,https://ror.org/040af2s02,94,123,109
82,Utrecht University,Utrecht University,Utrecht University,NL,60.82,79672,1025385,1077,12.870080,4.025583,1077,1.703505,8,0.514991,0.929561,False,https://openalex.org/I193662353,https://ror.org/04pp8hn57,56,113,54
83,"University of California, Davis","University of California, Davis","University of California, Davis",US,60.49,68560,1029710,1204,15.019107,3.173722,1204,1.633222,6,0.459455,0.764863,False,https://openalex.org/I84218800,https://ror.org/05rrcem69,101-150,137,95
84,University of Florida,University of Florida,University of Florida,US,60.41,85290,1133291,1228,13.287501,2.981216,1228,1.549947,6,0.434494,0.680725,False,https://openalex.org/I33213144,https://ror.org/02y3ad647,151-200,,105
85,École Polytechnique Fédérale de Lausanne,EPFL – École polytechnique fédérale de Lausanne,École Polytechnique Fédérale de Lausanne,CH,60.29,37776,739309,1215,19.570865,4.985045,1215,1.465537,7,0.519141,0.911161,False,https://openalex.org/I5124864,https://ror.org/02s376052,44,22,80
86,"University of California, Irvine","University of California, Irvine","University of California, Irvine",US,60.24,48595,884067,1124,18.192551,3.768977,1124,1.703071,7,0.502081,0.725754,True,https://openalex.org/I204250578,https://ror.org/04gyf1771,79,,99
87,Chinese Academy of Medical Sciences & Peking Union Medical College,Peking Union Medical College,Chinese Academy of Medical Sciences & Peking Union Medical College,CN,60.19,90601,1481750,1016,16.354676,4.039885,1016,1.037163,4,0.392995,0.734407,True,https://openalex.org/I200296433,https://ror.org/02drdmm93,151-200,,
88,California Institute of Technology,California Institute of Technology,California Institute of Technology,US,60.12,35806,639960,1838,17.872982,7.914990,1838,0.722811,2,0.528860,0.846115,False,https://openalex.org/I122411786,https://ror.org/05dxps055,9,7,23
89,Ghent University,Ghent University,Ghent University,BE,59.99,45103,831991,900,18.446467,4.266990,900,2.049490,9,0.590777,0.790590,False,https://openalex.org/I32597200,https://ror.org/00cv9y106,91,150,104
90,Seoul National University,Seoul National University,Seoul National University,KR,59.85,67203,1051249,966,15.642888,3.638900,966,1.784900,8,0.510646,0.684955,False,https://openalex.org/I139264467,https://ror.org/04h9pn542,81,38,121
91,The Ohio State University,"Ohio State University, Columbus",The Ohio State University,US,59.15,72143,1086659,1177,15.062570,3.277354,1177,1.467986,5,0.434207,0.657985,False,https://openalex.org/I52357470,https://ror.org/00rs6vg23,83,,64
92,McMaster University,McMaster University,McMaster University,CA,59.00,48479,924951,1183,19.079416,3.690020,1183,1.316153,6,0.426879,0.684420,True,https://openalex.org/I98251732,https://ror.org/02fa3aq29,101-150,174,150
93,Universidade de São Paulo,Universidade de São Paulo,Universidade de São Paulo,BR,58.99,136878,1187321,866,8.674301,1.932201,866,2.152953,11,0.493091,0.790047,False,https://openalex.org/I17974374,https://ror.org/036rp1748,101-150,133,134
94,Vrije Universiteit Amsterdam,Vrije Universiteit Amsterdam,Vrije Universiteit Amsterdam,NL,58.93,44942,752339,939,16.740221,3.558634,939,2.176193,11,0.578692,0.904521,True,https://openalex.org/I865915315,https://ror.org/008xxew50,151-200,185,91
95,University of Illinois Urbana-Champaign,"University of Illinois Urbana, Champaign",University of Illinois Urbana-Champaign,US,58.51,61719,907875,1378,14.709814,3.560209,1378,1.369535,5,0.430219,0.656735,False,https://openalex.org/I157725225,https://ror.org/047426m28,53,74,98
96,Cardiff University,Cardiff University,Cardiff University,GB,58.01,35083,627867,1214,17.896617,4.131382,1214,1.813513,8,0.540539,0.790354,True,https://openalex.org/I79510175,https://ror.org/03kk7td41,,179,
97,"Rutgers, The State University of New Jersey","Rutgers, The State University of New Jersey - New Brunswick","Rutgers, The State University of New Jersey",US,57.86,53620,853931,1131,15.925606,3.569762,1131,1.681988,7,0.488237,0.623797,True,https://openalex.org/I102322142,https://ror.org/05vt9qd57,151-200,,155
98,Tianjin University,Tianjin University,Tianjin University,CN,57.85,63316,1312462,608,20.728757,5.717573,608,1.581759,6,0.577170,0.379557,False,https://openalex.org/I162868743,https://ror.org/012tb2g32,101-150,,166
99,The University of Adelaide,The University of Adelaide,The University of Adelaide,AU,57.83,40408,770253,882,19.061894,4.843876,882,1.920052,8,0.595784,0.674025,False,https://openalex.org/I5681781,https://ror.org/00892tw58,151-200,79,85
100,Université Paris-Saclay,Paris-Saclay University,Université Paris-Saclay,FR,57.82,79487,1236126,1092,15.551298,3.622817,1092,0.968989,5,0.359587,0.769333,False,https://openalex.org/I277688954,https://ror.org/03xjwb503,13,76,82
101,Georgia Institute of Technology,Georgia Institute of Technology,Georgia Institute of Technology,US,57.40,44862,784618,1127,17.489590,4.056143,1127,1.540940,8,0.486581,0.585261,False,https://openalex.org/I130701444,https://ror.org/01zkghx44,151-200,142,94
102,The University of Texas Southwestern Medical Center,University of Texas Southwestern Medical Center--Dallas,The University of Texas Southwestern Medical Center,US,57.33,39220,781670,1256,19.930393,4.244451,1256,1.212815,5,0.435570,0.654615,True,https://openalex.org/I867280407,https://ror.org/05byvp690,58,,113
103,The University of Western Australia,The University of Western Australia,The University of Western Australia,AU,57.29,44054,752485,973,17.080969,4.392212,973,1.866533,8,0.563345,0.741181,False,https://openalex.org/I177877127,https://ror.org/047272k79,101-150,77,90
104,Hong Kong University of Science and Technology,The Hong Kong University of Science and Technology,Hong Kong University of Science and Technology,HK,57.26,28295,659216,738,23.297968,6.450023,738,1.894039,10,0.671301,0.507864,False,https://openalex.org/I200769079,https://ror.org/00q4vv597,,33,82
105,Lund University,Lund University,Lund University,SE,57.01,55686,868424,1068,15.595015,3.230524,1068,1.621056,7,0.460054,0.842743,True,https://openalex.org/I187531555,https://ror.org/012a77v79,101-150,71,124
106,University of Sheffield,The University of Sheffield,University of Sheffield,GB,56.84,43737,691465,976,15.809612,3.595164,976,2.081473,10,0.563075,0.769509,False,https://openalex.org/I91136226,https://ror.org/05krs5044,151-200,82,186
107,Sapienza University of Rome,Sapienza University of Rome,Sapienza University of Rome,IT,56.39,74158,994289,1075,13.407711,3.449151,1075,1.370295,7,0.424806,0.708352,False,https://openalex.org/I861853513,https://ror.org/02be6w209,101-150,111,155
108,Zhengzhou University,Zhengzhou University,Zhengzhou University,CN,56.34,58281,1261256,484,21.640946,5.512128,484,1.800287,7,0.607141,0.541223,False,https://openalex.org/I38877650,https://ror.org/04ypx8c21,151-200,,
109,Universitat de Barcelona,Universitat de Barcelona,Universitat de Barcelona,ES,56.31,57605,900211,990,15.627307,3.412637,990,1.589982,7,0.463437,0.817551,True,https://openalex.org/I71999127,https://ror.org/021018s57,151-200,165,88
110,Xiamen University,Xiamen University,Xiamen University,CN,56.30,46059,868115,654,18.847891,5.864252,654,1.959643,9,0.654094,0.529495,False,https://openalex.org/I191208505,https://ror.org/00mcjh785,101-150,,176
111,University of Nottingham,University of Nottingham,University of Nottingham,GB,56.28,44941,760603,862,16.924479,3.594171,862,1.966035,10,0.541767,0.813467,True,https://openalex.org/I142263535,https://ror.org/01ee9ar58,101-150,97,155
112,Baylor College of Medicine,Baylor College of Medicine,Baylor College of Medicine,US,56.16,43253,748881,1439,17.313967,3.888159,1439,1.073957,5,0.392184,0.680323,True,https://openalex.org/I181547552,https://ror.org/02pttbw34,,,144
113,Hunan University,Hunan University,Hunan University,CN,56.12,36992,913315,658,24.689527,6.637599,658,1.546778,6,0.616729,0.373675,False,https://openalex.org/I16609230,https://ror.org/05htk5m33,151-200,,115
114,University of Utah,University of Utah,University of Utah,US,55.73,55447,835605,1110,15.070337,2.965714,1110,1.611363,7,0.445029,0.669540,True,https://openalex.org/I223532165,https://ror.org/03r0ha626,151-200,,170
115,Technical University of Munich,Technical University of Munich,Technical University of Munich,DE,55.69,65764,1051969,1010,15.996122,3.773352,1010,1.094393,6,0.390207,0.735068,False,https://openalex.org/I62916508,https://ror.org/02kkvpp62,45,25,73
116,King Saud University,King Saud University,King Saud University,SA,55.58,69100,1155520,470,16.722431,5.060096,470,2.188459,10,0.656024,0.690304,False,https://openalex.org/I28022161,https://ror.org/02f81g417,101-150,107,139
117,City University of Hong Kong,City University of Hong Kong,City University of Hong Kong,HK,55.20,37746,950268,645,25.175330,8.667763,645,1.257863,5,0.631644,0.492238,False,https://openalex.org/I168719708,https://ror.org/03q8dnn23,99,52,47
118,Queen Mary University of London,Queen Mary University of London,Queen Mary University of London,GB,55.13,39160,823969,973,21.041088,4.413563,973,1.183841,5,0.438690,0.766164,False,https://openalex.org/I166337079,https://ror.org/026zzn846,,103,101
119,Nankai University,Nankai University,Nankai University,CN,54.98,42631,862107,669,20.222538,5.995191,669,1.795723,6,0.630454,0.535596,False,https://openalex.org/I205237279,https://ror.org/01y1kjr75,151-200,,146
120,Arizona State University,Arizona State University--Tempe,Arizona State University,US,54.81,50831,677515,962,13.328776,3.471554,962,2.126175,11,0.565127,0.640613,False,https://openalex.org/I55732556,https://ror.org/03efmqc40,151-200,172,179
121,Jilin University,Jilin University,Jilin University,CN,54.78,64904,1103437,619,17.001063,5.477766,619,1.667735,7,0.581013,0.546422,False,https://openalex.org/I194450716,https://ror.org/00js3aw79,101-150,,
122,Uppsala University,Uppsala University,Uppsala University,SE,54.64,59567,776120,1036,13.029362,3.175036,1036,1.764958,7,0.483780,0.877684,False,https://openalex.org/I123387679,https://ror.org/048a87296,93,87,146
123,"University of Maryland, College Park","University of Maryland, College Park","University of Maryland, College Park",US,54.48,47485,852235,1339,17.947457,3.862075,1339,0.766709,3,0.334298,0.691818,False,https://openalex.org/I66946132,https://ror.org/047s2c258,55,,82
124,The University of Texas at Austin,The University of Texas at Austin,The University of Texas at Austin,US,54.48,130028,988083,1188,7.599002,0.744196,1188,1.499152,7,0.313289,0.832182,False,https://openalex.org/I86519309,https://ror.org/00hj54h04,49,72,56
125,Vanderbilt University,Vanderbilt University,Vanderbilt University,US,54.42,36515,600836,1099,16.454498,3.014114,1099,1.938031,9,0.507607,0.687909,True,https://openalex.org/I200719446,https://ror.org/02vm5rt34,62,,68
126,Universität Hamburg,University of Hamburg,Universität Hamburg,DE,54.23,65073,888250,1016,13.650055,3.554216,1016,1.467265,6,0.447917,0.739277,False,https://openalex.org/I159176309,https://ror.org/00g30e956,,,146
127,Aarhus University,Aarhus University,Aarhus University,DK,54.18,66123,839146,854,12.690683,3.131596,854,2.094872,7,0.542364,0.751872,False,https://openalex.org/I204337017,https://ror.org/01aj84f44,85,128,117
128,Shandong University,Shandong University,Shandong University,CN,54.04,78481,1254598,591,15.986009,5.058581,591,1.604951,6,0.548491,0.548540,False,https://openalex.org/I154099455,https://ror.org/0207yh398,101-150,,
129,University of Padua,University of Padua,University of Padua,IT,53.99,61869,1021904,1115,16.517222,3.180366,1115,0.950019,3,0.333971,0.762417,False,https://openalex.org/I138689650,https://ror.org/00240q980,151-200,,175
130,Southern University of Science and Technology,Southern University of Science and Technology,Southern University of Science and Technology,CN,53.64,38525,880809,537,22.863310,6.912255,537,1.578669,7,0.636335,0.533913,False,https://openalex.org/I3045169105,https://ror.org/049tv2d57,101-150,,119
131,University of Bern,University of Bern,University of Bern,CH,53.59,48163,811225,901,16.843324,3.450388,901,1.607381,6,0.468529,0.850570,False,https://openalex.org/I118564535,https://ror.org/02k7v4d05,151-200,191,113
132,University of Calgary,The University of Calgary,University of Calgary,CA,53.52,52596,796371,916,15.141285,3.552327,916,1.665273,8,0.484287,0.657940,True,https://openalex.org/I168635309,https://ror.org/03yjb2x39,151-200,,
133,University of Oslo,University of Oslo,University of Oslo,NO,53.48,56759,780611,984,13.753079,2.847381,984,1.641961,8,0.444747,0.877746,False,https://openalex.org/I184942183,https://ror.org/01xtthb56,83,131,105
134,Harbin Institute of Technology,Harbin Institute of Technology,Harbin Institute of Technology,CN,53.41,74147,1433039,602,19.326999,5.643823,602,0.925642,5,0.452654,0.338436,False,https://openalex.org/I204983213,https://ror.org/01yqg2h08,101-150,190,111
135,Australian National University,The Australian National University,Australian National University,AU,53.36,43000,642371,1052,14.938860,4.134046,1052,1.751582,7,0.529268,0.704140,False,https://openalex.org/I118347636,https://ror.org/019wvm592,101-150,29,81
136,University of Milan,University of Milan,University of Milan,IT,53.21,75154,1042235,933,13.867991,0.328418,933,1.607409,6,0.312436,0.838066,True,https://openalex.org/I189158943,https://ror.org/00wjc7c48,151-200,,160
137,University of Arizona,University of Arizona,University of Arizona,US,53.17,55379,807227,1258,14.576410,3.781228,1258,0.998962,5,0.373027,0.677008,False,https://openalex.org/I138006243,https://ror.org/03m2x1q45,151-200,,102
138,Texas A&M University,Texas A&M University--College Station,Texas A&M University,US,53.09,57957,799801,1032,13.799903,3.263605,1032,1.612145,6,0.460067,0.635402,False,https://openalex.org/I91045830,https://ror.org/01f5ytq51,,169,177
139,Mayo Clinic,"Mayo Clinic College of Medicine and Science, Minnesota",Mayo Clinic,US,53.04,37744,798706,1195,21.161138,3.873457,1195,0.139294,2,0.219325,0.613660,True,https://openalex.org/I1330342723,https://ror.org/02qp3tb03,101-150,,
140,University of Lausanne,University of Lausanne,University of Lausanne,CH,52.67,34714,551766,967,15.894625,3.574690,967,2.029145,9,0.552415,0.839719,True,https://openalex.org/I97565354,https://ror.org/019whta54,101-150,,179
141,London School of Hygiene & Tropical Medicine,London School of Hygiene and Tropical Medicine,London School of Hygiene & Tropical Medicine,GB,52.52,56263,666737,1053,11.850363,3.488030,1053,1.664923,8,0.481008,0.962551,True,https://openalex.org/I4210089966,https://ror.org/00a0jsq62,,,127
142,Technical University of Denmark,Technical University of Denmark,Technical University of Denmark,DK,52.36,41116,703874,979,17.119224,4.002838,979,1.434707,6,0.464353,0.808128,False,https://openalex.org/I96673099,https://ror.org/04qtj9h94,151-200,105,189
143,Xi'an Jiaotong University,Xi'an Jiaotong University,Xi'an Jiaotong University,CN,52.14,78922,1462673,633,18.533147,5.340534,633,0.811478,3,0.416466,0.422176,False,https://openalex.org/I87445476,https://ror.org/017zhmm22,92,,129
144,Yonsei University,Yonsei University,Yonsei University,KR,52.12,54139,963114,683,17.789653,3.804486,683,1.600645,6,0.484994,0.700512,True,https://openalex.org/I193775966,https://ror.org/01wjejq96,151-200,42,135
145,Kyoto University,Kyoto University,Kyoto University,JP,52.02,62502,772909,1115,12.366148,2.886564,1115,1.307128,8,0.385044,0.699146,False,https://openalex.org/I22299242,https://ror.org/02kpeqv85,46,64,162
146,University of Leeds,University of Leeds,University of Leeds,GB,51.85,47943,786136,927,16.397305,3.129663,927,1.558348,5,0.443463,0.783639,False,https://openalex.org/I130828816,https://ror.org/024mrxd33,151-200,77,146
147,Brown University,Brown University,Brown University,US,51.83,33237,612186,999,18.418810,3.741153,999,1.669651,6,0.494535,0.656979,True,https://openalex.org/I27804330,https://ror.org/05gq02987,101-150,66,144
148,University of Liverpool,University of Liverpool,University of Liverpool,GB,51.71,58575,842907,1075,14.390218,3.595955,1075,1.121955,4,0.386413,0.795869,True,https://openalex.org/I146655781,https://ror.org/04xs57h96,101-150,139,169
149,Soochow University,Soochow University (China),Soochow University,CN,51.51,51205,928417,635,18.131374,5.351282,635,1.581827,5,0.558868,0.569241,False,https://openalex.org/I3923682,https://ror.org/05t8y2r12,101-150,,
150,University of Colorado Boulder,University of Colorado Boulder,University of Colorado Boulder,US,51.32,41053,691104,1117,16.834434,3.854236,1117,1.246420,4,0.422248,0.720215,False,https://openalex.org/I188538660,https://ror.org/02ttsq026,62,,105
151,Trinity College Dublin,"Trinity College Dublin, The University of Dublin",Trinity College Dublin,IE,50.93,28336,488335,854,17.233731,3.854444,854,2.202741,11,0.598372,0.757976,True,https://openalex.org/I205274468,https://ror.org/02tyrky19,,75,
152,University of Basel,University of Basel,University of Basel,CH,50.67,32797,524593,865,15.995152,3.868833,865,1.967273,10,0.555728,0.845504,True,https://openalex.org/I1850255,https://ror.org/02s6k3f65,94,150,189
153,University of Exeter,University of Exeter,University of Exeter,GB,50.65,40047,706088,791,17.631483,3.688071,791,1.704597,6,0.498316,0.834145,False,https://openalex.org/I23923803,https://ror.org/03yghzc09,151-200,136,138
154,Université de Montréal,University of Montreal,Université de Montréal,CA,50.61,43799,612403,902,13.982123,3.149049,902,1.926304,9,0.512194,0.723190,True,https://openalex.org/I70931966,https://ror.org/0161xgx34,151-200,162,193
155,South China University of Technology,South China University of Technology,South China University of Technology,CN,50.59,54654,1161560,578,21.252973,5.987705,578,0.990879,3,0.481862,0.391792,False,https://openalex.org/I90610280,https://ror.org/0530pts50,101-150,,162
156,University of Technology Sydney,University of Technology Sydney,University of Technology Sydney,AU,50.33,35882,770980,568,21.486539,5.245288,568,1.680603,7,0.571759,0.584861,False,https://openalex.org/I114017466,https://ror.org/03f0f6041,,87,85
157,King Abdullah University of Science and Technology,King Abdullah University of Science and Technology,King Abdullah University of Science and Technology,SA,50.17,21774,476298,660,21.874621,7.076931,660,1.873709,9,0.698902,0.710710,False,https://openalex.org/I71920554,https://ror.org/01q3tbs38,,,103
158,Tel Aviv University,Tel Aviv University,Tel Aviv University,IL,49.98,47005,715879,914,15.229848,3.370407,914,1.485512,7,0.442087,0.653228,False,https://openalex.org/I16391192,https://ror.org/04mhzgx49,,,193
159,University of Gothenburg,University of Gothenburg,University of Gothenburg,SE,49.96,42260,667581,908,15.796995,3.388939,908,1.577135,6,0.459887,0.858258,True,https://openalex.org/I881427289,https://ror.org/01tm6cn81,151-200,,177
160,Purdue University West Lafayette,"Purdue University, West Lafayette",Purdue University West Lafayette,US,49.93,74528,699579,944,9.386794,2.903731,944,1.836134,7,0.483323,0.728706,False,https://openalex.org/I219193219,https://ror.org/02dqehb95,101-150,100,152
161,University of Auckland,The University of Auckland,University of Auckland,NZ,49.90,40374,635466,763,15.739486,3.309287,763,1.939199,10,0.522581,0.673478,True,https://openalex.org/I154130895,https://ror.org/03b94tp07,,67,117
162,Queen's University,Queen's University at Kingston,Queen's University,CA,49.90,28569,550652,763,19.274458,3.005617,763,2.079640,10,0.533260,0.629844,True,https://openalex.org/I204722609,https://ror.org/02y72wh86,,179,
163,Universitat Autònoma de Barcelona,Autonomous University of Barcelona,Universitat Autònoma de Barcelona,ES,49.88,43549,617962,757,14.190039,3.280753,757,2.066029,10,0.544511,0.800960,False,https://openalex.org/I123044942,https://ror.org/052g8jq94,,,131
164,University of Southampton,University of Southampton,University of Southampton,GB,49.80,42608,787550,912,18.483618,3.027725,912,1.210196,4,0.374252,0.773329,False,https://openalex.org/I43439940,https://ror.org/01ryk1543,151-200,111,125
165,Michigan State University,Michigan State University,Michigan State University,US,49.78,61290,750494,1059,12.244967,2.539219,1059,1.458798,5,0.395608,0.718877,False,https://openalex.org/I87216513,https://ror.org/05hs6h993,151-200,182,127
166,King Abdulaziz University,King Abdulaziz University (KAU),King Abdulaziz University,SA,49.66,41602,786093,538,18.895558,3.863239,538,2.041313,8,0.569083,0.694245,False,https://openalex.org/I185163786,https://ror.org/02ma4wv74,,200,122
167,Wageningen University & Research,Wageningen University and Research Center,Wageningen University & Research,NL,49.64,40633,703875,923,17.322743,3.303756,923,1.305241,5,0.405557,0.955061,False,https://openalex.org/I913481162,https://ror.org/04qw24q55,151-200,154,119
168,University of Freiburg,University of Freiburg,University of Freiburg,DE,49.38,34857,535942,962,15.375448,3.346093,962,1.798831,8,0.498571,0.776429,True,https://openalex.org/I161046081,https://ror.org/0245cg223,101-150,,
169,University of Tübingen,"Eberhard Karls University, Tübingen",University of Tübingen,DE,49.26,37444,562574,889,15.024410,3.395018,889,1.886611,8,0.517183,0.763006,True,https://openalex.org/I8087733,https://ror.org/03a1kwz48,151-200,,193
170,University of Virginia,University of Virginia,University of Virginia,US,49.25,42469,634973,1047,14.951447,3.195651,1047,1.446645,6,0.426192,0.660081,True,https://openalex.org/I51556381,https://ror.org/0153tk833,,,135
171,Western University,Western University,Western University,CA,49.22,43193,619187,833,14.335355,3.494524,833,1.826936,9,0.511169,0.654620,True,https://openalex.org/I125749732,https://ror.org/02grkyz14,,142,
172,University of York,University of York,University of York,GB,49.14,26637,512470,736,19.239028,2.767359,736,2.252799,10,0.553236,0.795060,True,https://openalex.org/I52099693,https://ror.org/04m01e293,,158,
173,Newcastle University,Newcastle University,Newcastle University,GB,49.09,39649,649113,881,16.371485,3.498903,881,1.564832,6,0.463119,0.777245,True,https://openalex.org/I84884186,https://ror.org/01kj2bm70,,149,
174,Weizmann Institute of Science,Weizmann Institute of Science,Weizmann Institute of Science,IL,49.01,13753,343430,1077,24.971279,5.423793,1077,1.464008,7,0.540796,0.791682,False,https://openalex.org/I53964585,https://ror.org/0316ej306,71,,183
175,Shenzhen University,Shenzhen University,Shenzhen University,CN,48.98,47316,1005876,507,21.258686,5.827431,507,1.240224,5,0.519767,0.475822,False,https://openalex.org/I180726961,https://ror.org/01vy4gh70,,,166
176,Université de Montpellier,University of Montpellier,Université de Montpellier,FR,48.80,54904,683267,743,12.444758,3.049275,743,2.024664,8,0.525319,0.794132,False,https://openalex.org/I19894307,https://ror.org/051escj72,151-200,,
177,Rockefeller University,Rockefeller University,Rockefeller University,US,48.79,5856,195018,1165,33.302254,6.632975,1165,1.651492,6,0.635782,0.881660,True,https://openalex.org/I83399316,https://ror.org/0420db125,29,,125
178,Southeast University,Southeast University,Southeast University,CN,48.71,61601,1162929,592,18.878411,5.336191,592,0.835414,5,0.420657,0.327754,False,https://openalex.org/I76569877,https://ror.org/04ct4d772,101-150,,133
179,Sungkyunkwan University,Sungkyunkwan University,Sungkyunkwan University,KR,48.39,39949,716725,706,17.941000,4.787811,706,1.548157,5,0.524494,0.622569,False,https://openalex.org/I848706,https://ror.org/04q78tk20,151-200,108,
180,Deakin University,Deakin University,Deakin University,AU,48.00,35129,630250,608,17.941017,4.210474,608,1.915034,8,0.563190,0.864670,True,https://openalex.org/I149704539,https://ror.org/02czsnj07,,,142
181,Goethe University Frankfurt,Goethe University Frankfurt,Goethe University Frankfurt,DE,47.89,40008,559125,1004,13.975330,3.160761,1004,1.672219,6,0.465988,0.742377,False,https://openalex.org/I114090438,https://ror.org/04cvxnb49,151-200,,
182,Indiana University Bloomington,"Indiana University, Bloomington",Indiana University Bloomington,US,47.75,22151,506058,877,22.845831,3.471809,877,1.461109,6,0.442663,0.671527,False,https://openalex.org/I4210119109,https://ror.org/02k40bc56,101-150,,155
183,Humboldt-Universität zu Berlin,Humboldt-Universität zu Berlin,Humboldt-Universität zu Berlin,DE,47.53,36813,633801,778,17.216771,3.766301,778,1.554399,6,0.474568,0.799066,False,https://openalex.org/I39343248,https://ror.org/01hcx6992,,140,51
184,University of Bologna,Alma Mater Studiorum - Università di Bologna,University of Bologna,IT,47.44,62247,870343,890,13.982087,2.971549,890,1.071348,2,0.345873,0.823831,False,https://openalex.org/I9360294,https://ror.org/01111rn36,,123,150
185,University of Geneva,University of Geneva,University of Geneva,CH,47.26,35502,598793,1005,16.866458,4.036991,1005,1.101527,4,0.404703,0.855501,False,https://openalex.org/I114457229,https://ror.org/01swzsf04,58,168,129
186,Korea University,Korea University,Korea University,KR,47.13,34336,677573,646,19.733603,5.425188,646,1.457048,5,0.539584,0.564073,False,https://openalex.org/I197347611,https://ror.org/047dqcg40,,52,
187,The University of Osaka,The University of Osaka,The University of Osaka,JP,47.04,47344,583018,1095,12.314507,3.064246,1095,1.314646,7,0.395313,0.664224,False,https://openalex.org/I98285908,https://ror.org/035t8zc32,,95,
188,Queensland University of Technology,Queensland University of Technology,Queensland University of Technology,AU,47.04,29218,553102,605,18.930180,4.723812,605,1.927059,9,0.591071,0.682114,True,https://openalex.org/I160993911,https://ror.org/03pnv4752,,,172
189,Case Western Reserve University,Case Western Reserve University,Case Western Reserve University,US,46.99,34194,549080,1020,16.057788,3.760845,1020,1.392732,5,0.444523,0.649324,True,https://openalex.org/I58956616,https://ror.org/051fd9666,151-200,,189
190,Stockholm University,Stockholm University,Stockholm University,SE,46.82,33697,584940,949,17.358815,3.994994,949,1.193511,4,0.419543,0.868534,False,https://openalex.org/I161593684,https://ror.org/05f0yaq80,100,167,193
191,Tongji University,Tongji University,Tongji University,CN,46.81,75332,1268392,585,16.837360,4.873222,585,0.417674,3,0.320579,0.521292,False,https://openalex.org/I116953780,https://ror.org/03rc6as71,101-150,146,110
192,University of Massachusetts Amherst,University of Massachusetts--Amherst,University of Massachusetts Amherst,US,46.69,29162,499835,886,17.139942,4.493792,886,1.611869,6,0.521526,0.644332,False,https://openalex.org/I24603500,https://ror.org/0072zz521,,,160
193,Delft University of Technology,Delft University of Technology,Delft University of Technology,NL,46.56,47773,658878,787,13.791849,3.126401,787,1.573934,7,0.446170,0.829276,False,https://openalex.org/I98358874,https://ror.org/02e2c7k09,151-200,48,170
194,"University of California, Santa Barbara","University of California, Santa Barbara","University of California, Santa Barbara",US,46.52,27586,486592,1115,17.639092,4.500766,1115,1.136255,4,0.434287,0.728594,False,https://openalex.org/I154570441,https://ror.org/02t274463,70,173,100
195,Freie Universität Berlin,Freie Universitaet Berlin,Freie Universität Berlin,DE,46.46,40002,592301,733,14.806785,3.804122,733,1.728590,8,0.508537,0.786061,False,https://openalex.org/I75951250,https://ror.org/046ak2485,,98,63
196,Beijing Institute of Technology,Beijing Institute of Technology,Beijing Institute of Technology,CN,46.25,53637,1041145,575,19.410948,5.475592,575,0.791952,4,0.419623,0.355445,False,https://openalex.org/I125839683,https://ror.org/01skt4w74,101-150,,152
197,Northwestern Polytechnical University,Northwestern Polytechnical University,Northwestern Polytechnical University,CN,46.18,49685,976912,487,19.662111,6.842209,487,0.966723,5,0.520139,0.353145,False,https://openalex.org/I17145004,https://ror.org/01y0j0j86,101-150,,182
198,University of Göttingen,University of Goettingen,University of Göttingen,DE,45.65,47978,541416,858,11.284672,2.112869,858,1.919071,8,0.459053,0.938659,False,https://openalex.org/I74656192,https://ror.org/01y9bpm73,151-200,,187
199,Johannes Gutenberg University Mainz,University of Mainz,Johannes Gutenberg University Mainz,DE,45.59,32895,561226,945,17.061134,3.694370,945,1.189265,5,0.403729,0.748594,False,https://openalex.org/I197323543,https://ror.org/023b0x485,151-200,,
200,Macquarie University,"Macquarie University (Sydney, Australia)",Macquarie University,AU,45.12,33226,518087,647,15.592819,3.387609,647,2.209699,9,0.576311,0.671853,False,https://openalex.org/I99043593,https://ror.org/01sf06y89,,126,173
